Workbook

Sheet Sample DEC
F1: Duration | H1: Month
H2: Development | J2: Construction- | M2: Construction
H3: 1 | I3: =H3+1 -> 2 | J3: =I3+1 -> 3 | K3: =J3+1 -> 4 | L3: =K3+1 -> 5 | M3: =L3+1 -> 6 | N3: =M3+1 -> 7 | O3: =N3+1 -> 8 | P3: =O3+1 -> 9 | ... U3: =T3+1 -> 14
A4: 1. Permitting & Regulatory Approvals | F4: 5
B5: Construction permit | D5: AAB | E5: Jelmer | F5: 5 | H5: 1 | I5: 1 | J5: 1 | K5: 1 | L5: 1
B6: BESS permit | I6: 1 | J6: 1
A7: 2. Procurement & Contracting | F7: 9
B8: EPC selection | D8: Jeroen | E8: Jelmer | F8: 2 | I8: 1
B9: MEP vendors | D9: Jeroen | E9: Jelmer | F9: 2 | I9: 1
B10: Long Load Items | J10: 1 | K10: 1 | L10: 1 | M10: 1 | N10: 1 | O10: 1 | P10: 1 | Q10: 1
A12: 3. Bess development | F12: 7
B13: Concrete + foundation | D13: Civil contractor | E13: Jelmer | F13: 2 | M13: 1 | N13: 1
B14: Transformer | D14: E contractor | E14: Jelmer | F14: 1 | N14: 1
B15: Supplier | D15: BESS contractor | E15: Jelmer | F15: 1 | I15: 1
B16: Leat time | D16: BESS contractor | F16: 5 | K16: 1 | L16: 1 | M16: 1 | N16: 1 | O16: 1
B17: Installation | D17: BESS contractor | E17: Jelmer | F17: 1 | P17: 1
A18: 4. Design & Engineering | F18: 5
B19: Riba 2 | D19: AAB | E19: DJ | F19: 2 | H19: 1 | I19: 1
B20: Riba 3 | C20: EPC | D20: Design Contractor | E20: DJ | F20: 2 | J20: 1
B21: Riba 4 | C21: EPC | D21: Design Contractor | E21: DJ | F21: 4 | K21: 1 | L21: 1
B22: design freeze | E22: DJ/Jeroen | L22: 1
A23: 5. Control | F23: 7
B24: EMS strategy | E24: DJ | J24: 1 | K24: 1
B25: EMS installation | E25: DJ | M25: 1 | N25: 1
B26: EMS testing | E26: DJ | O26: 1
B27: EMS Commissioning | E27: DJ | P27: 1
B28: BMS installation | E28: DJ
B29: BMS testing | E29: DJ
B30: BMS Commissioning | E30: DJ
A31: 6. Construction (Shell & Core) | F31: 5.5
B32: Concrete + foundation | C32: EPC | D32: Civil contractor | E32: Jeroen | F32: 2 | M32: 1
B33: Shell + lights/doors/ | C33: EPC | D33: Civil contractor | E33: Jeroen | F33: 2 | N33: 1 | O33: 1
B34: Transformers, UPS, Main distribution | C34: EPC | D34: E contractor | E34: Jeroen | F34: 1.5 | Q34: 1 | R34: 0.5
B35: Power cables & Main busbars | C35: EPC | D35: E contractor | E35: Jeroen | F35: 1.5 | Q35: 1 | R35: 0.5
B36: Heat pumps | C36: EPC | D36: W contractor | E36: Jeroen | F36: 2 | Q36: 1 | R36: 1
B37: water works | C37: EPC | D37: W contractor | E37: Jeroen | F37: 2 | Q37: 1 | R37: 1
A38: 7. Customer Fit-Out (White Space + MEP) | F38: 1 | S38: 1
B39: Whitespace fitout incl "Run" | C39: EPC | D39: Civil contractor | E39: Jeroen | F39: 0.5 | S39: 0.5
B40: Distribution Busbar | C40: EPC | D40: E contractor | E40: Jeroen | F40: 1 | S40: 1
B41: Air cooling | C41: EPC | D41: W contractor | E41: Jeroen | F41: 1 | S41: 1
B42: Hot/Cold aisle if applicable | C42: EPC | D42: Civil contractor | E42: Jeroen | F42: 1 | S42: 1
A43: 8. Commissioning & Testing | F43: =SUM(F44:F46) -> 1.5 | T43: 1
B44: E testing | C44: EPC | D44: E contractor | E44: Yoni? | F44: 0.5 | T44: 0.5
B45: W testing | C45: EPC | D45: W contractor | E45: Yoni? | F45: 0.5 | T45: 0.5
B46: Load bank test | C46: EPC | D46: Ops Contractor | E46: Yoni? | F46: 0.5 | T46: 0.5
A47: 9. Operations Onboarding | F47: 4 | R47: 1 | S47: 1 | T47: 1 | U47: 1
B48: Standard operating procedures | C48: EPC | D48: Ops Contractor | E48: Yoni? | F48: 3 | R48: 1 | S48: 1 | T48: 1
B49: As build drawings | C49: EPC | D49: Design Contractor | E49: DJ | F49: 1 | U49: 1
B50: Customer onboarding | C50: Ops Contractor | D50: Ops Contractor | E50: Yoni? | F50: 1 | T50: 0.5
A58: CAPEX | H58: =SUMPRODUCT($G$59:$G$73,H59:H73) -> 0 | I58: =SUMPRODUCT($G$59:$G$73,I59:I73) -> 0 | J58: =SUMPRODUCT($G$59:$G$73,J59:J73) -> 15.250158 | K58: =SUMPRODUCT($G$59:$G$73,K59:K73) -> 0 | L58: =SUMPRODUCT($G$59:$G$73,L59:L73) -> 0 | M58: =SUMPRODUCT($G$59:$G$73,M59:M73) -> 12.650127 | N58: =SUMPRODUCT($G$59:$G$73,N59:N73) -> 0 | O58: =SUMPRODUCT($G$59:$G$73,O59:O73) -> 0 | ... S58: =SUMPRODUCT($G$59:$G$73,S59:S73) -> 0
B59: Power distribution busbars (4 feeds) | C59: 524001.76 | G59: =C59*(1+$C$73)/1000000 -> 0.78600264 | J59: 0.5 | M59: 0.4 | R59: 0.1
B60: EPC selection | C60: 3000000 | G60: =C60*(1+$C$73)/1000000 -> 4.5 | J60: 0.5 | M60: 0.5
B61: Main distribution (UPS, LV switchgear, switchboards) | C61: 5400000 | G61: =C61*(1+$C$73)/1000000 -> 8.1 | J61: 0.5 | M61: 0.4 | R61: 0.1
B62: Heat-reuse HEX skid | C62: 2000000 | G62: =C62*(1+$C$73)/1000000 -> 3 | J62: 0.5 | M62: 0.4 | R62: 0.1
B63: BESS (battery energy storage system) | D63: (already in BESS CAPEX) | G63: =C63*(1+$C$73)/1000000 -> 0 | J63: 0.9 | R63: 0.1
B64: Primary cooling loop (pumps, primary piping, plant controls) | C64: 1000000 | G64: =C64*(1+$C$73)/1000000 -> 1.5 | J64: 0.5 | M64: 0.4 | R64: 0.1
B65: Secondary cooling loop piping/pumps | C65: 2000000 | G65: =C65*(1+$C$73)/1000000 -> 3 | J65: 0.5 | M65: 0.4 | R65: 0.1
B66: Secondary cooling loop — Air (Rear-door, Fancoil ,AHUs, ducting) | C66: 1296000 | G66: =C66*(1+$C$73)/1000000 -> 1.944 | J66: 0.5 | M66: 0.4 | R66: 0.1
B67: Dry coolers | C67: 317911 | F67: =33/4.5 -> 7.3333333 | G67: =C67*(1+$C$73)/1000000 -> 0.4768665 | J67: 0.5 | M67: 0.4 | R67: 0.1
B68: Fire security | C68: 555631.58 | F68: 7 | G68: =C68*(1+$C$73)/1000000 -> 0.83344737 | J68: 0.5 | M68: 0.4 | R68: 0.1
B69: Security systems (CCTV, access control, IDS) | C69: 480000 | G69: =C69*(1+$C$73)/1000000 -> 0.72 | J69: 0.5 | M69: 0.4 | R69: 0.1
B70: Certification (e.g., Uptime/Tier, ISO, commissioning cert fees) | C70: 960000 | G70: =C70*(1+$C$73)/1000000 -> 1.44 | J70: 0.5 | M70: 0.4 | R70: 0.1
B71: Commissioning (incl. test-runs) | C71: 2000000 | G71: =C71*(1+$C$73)/1000000 -> 3 | J71: 0.5 | M71: 0.4 | R71: 0.1
B72: Shell (building structure/envelope) | C72: 800000 | G72: =C72*(1+$C$73)/1000000 -> 1.2 | J72: 0.5 | M72: 0.4 | R72: 0.1
B73: Contingengy | C73: 0.5 | J73: 0.5 | M73: 0.4 | R73: 0.1
B74: Total | G74: =SUM(G59:G72) -> 30.500317
B75: E/MW | G75: =G74/4 -> 7.6250791
A78: FTE EPC
A79: Legal | B79: 0.2 | C79: EPC | H79: =B79 -> 0.2 | I79: =H79 -> 0.2 | J79: =I79 -> 0.2 | K79: =J79 -> 0.2
A80: PM/Construction Manager | B80: 1 | C80: EPC
A81: PM | B81: 1 | C81: EPC
A82: Quality Control | B82: 1 | C82: EPC
A83: Procurement | B83: 0.5 | C83: EPC | L83: 0
A85: FTE Non-EPC
A86: Legal | B86: 0.5 | C86: Non EPC
A87: Electrical Engineering | B87: 1.5 | C87: Non EPC
A88: Construction Management | B88: 1 | C88: Non EPC
A89: Water/MEP Systems | B89: 1 | C89: Non EPC
A90: Project Management | B90: 1 | C90: Non EPC
A91: Quality Control | B91: 1 | C91: Non EPC
A92: Procurement | B92: 1.2 | C92: Non EPC
A93: HSE | B93: 1 | C93: Non EPC
A94: Security | B94: 7 | C94: Non EPC
A95: Cost Control | B95: 1 | C95: Non EPC

Sheet Sample BESS
F1: Duration | G1: CAPEX | H1: Month
H2: Growth | K2: Development | N2: Construction
H3: =I3-1 -> -2 | I3: =J3-1 -> -1 | J3: 0 | K3: =J3+1 -> 1 | L3: =K3+1 -> 2 | M3: =L3+1 -> 3 | N3: =M3+1 -> 4 | O3: 5 | P3: 6
A4: 2. Land & Grid Securing
B5: HoT | D5: Co | F5: 1 | J5: 1
B6: Grid | D6: Co | F6: 2 | H6: 1 | I6: 1
A7: 3. Permitting & Regulatory Approvals
B8: BESS permit | D8: Jelmer | F8: 6 | K8: 1 | L8: 1 | M8: 1
A9: 6A Bess development
B10: Concrete + foundation | C10: BESS contractor | D10: Jelmer | F10: 2 | N10: 1
B11: Transformer | C11: BESS contractor | D11: Jelmer | F11: 1 | O11: 1
B12: Supplier | C12: BESS contractor | D12: Jelmer | F12: 1 | K12: 1
B13: Leat time | F13: 5 | L13: 1 | M13: 1 | N13: 1 | O13: 1 | P13: 1
B14: Installation | C14: BESS contractor | D14: Jelmer | F14: 1 | P14: 1
A15: Control
B16: EMS strategy | D16: DJ | M16: 1
B17: EMS installation | D17: DJ | P17: 1
B18: EMS testing | D18: DJ | P18: 1
B19: EMS Commissioning | D19: DJ
A21: CAPEX | K21: =SUMPRODUCT($G$22:$G$36,K22:K36) -> 2.2723968 | L21: =SUMPRODUCT($G$22:$G$36,L22:L36) -> 0 | M21: =SUMPRODUCT($G$22:$G$36,M22:M36) -> 0 | N21: =SUMPRODUCT($G$22:$G$36,N22:N36) -> 0 | O21: =SUMPRODUCT($G$22:$G$36,O22:O36) -> 0 | P21: =SUMPRODUCT($G$22:$G$36,P22:P36) -> 0.2391552
B22: BESS (battery energy storage system) | C22: =1782960+178000+32000 -> 1992960 | G22: =C22*(1+$C$24)/1000000 -> 2.391552 | K22: 0.9 | P22: 0.1
B23: Concrete + foundation | C23: 100000 | G23: =C23*(1+$C$24)/1000000 -> 0.12 | K23: 1
B24: Contingency + Installation | C24: 0.2
B25: Total | G25: =SUM(G13:G23) -> 2.511552
B26: E/MW | G26: =G25/4 -> 0.627888

Sheet Planning 2026_2027
A1: Year | E1: Start month | I1: 2026 | J1: =I1 -> 2026 | K1: =J1 -> 2026 | L1: =K1 -> 2026 | M1: =L1 -> 2026 | N1: =M1 -> 2026 | O1: =N1 -> 2026 | P1: =O1 -> 2026 | Q1: =P1 -> 2026 | ... T1: =S1 -> 2026 | U1: =I1+1 -> 2027 | V1: =J1+1 -> 2027 | W1: =K1+1 -> 2027 | X1: =L1+1 -> 2027 | Y1: =M1+1 -> 2027 | Z1: =N1+1 -> 2027 | AA1: =O1+1 -> 2027 | AB1: =P1+1 -> 2027 | ... AF1: =T1+1 -> 2027
A2: Month | E2: D | F2: C- | G2: C | H2: Done | I2: 1 | J2: =I2+1 -> 2 | K2: =J2+1 -> 3 | L2: =K2+1 -> 4 | M2: =L2+1 -> 5 | N2: =M2+1 -> 6 | O2: =N2+1 -> 7 | P2: =O2+1 -> 8 | Q2: =P2+1 -> 9 | ... AI2: =AH2+1 -> 27
B3: MW IT | C3: Type | E3: 1 | F3: 3 | G3: 6 | H3: 14 | W3: =IF(W$2<$E3,"",IF(W$2<$F3,"D",IF(W$2<$G3,"C-",IF(W$2<=$H3,"C","")))) | X3: =IF(X$2<$E3,"",IF(X$2<$F3,"D",IF(X$2<$G3,"C-",IF(X$2<=$H3,"C","")))) | Y3: =IF(Y$2<$E3,"",IF(Y$2<$F3,"D",IF(Y$2<$G3,"C-",IF(Y$2<=$H3,"C","")))) | Z3: =IF(Z$2<$E3,"",IF(Z$2<$F3,"D",IF(Z$2<$G3,"C-",IF(Z$2<=$H3,"C","")))) | AA3: =IF(AA$2<$E3,"",IF(AA$2<$F3,"D",IF(AA$2<$G3,"C-",IF(AA$2<=$H3,"C","")))) | AB3: =IF(AB$2<$E3,"",IF(AB$2<$F3,"D",IF(AB$2<$G3,"C-",IF(AB$2<=$H3,"C","")))) | AC3: =IF(AC$2<$E3,"",IF(AC$2<$F3,"D",IF(AC$2<$G3,"C-",IF(AC$2<=$H3,"C","")))) | AD3: =IF(AD$2<$E3,"",IF(AD$2<$F3,"D",IF(AD$2<$G3,"C-",IF(AD$2<=$H3,"C","")))) | ... AI3: =IF(AI$2<$E3,"",IF(AI$2<$F3,"D",IF(AI$2<$G3,"C-",IF(AI$2<=$H3,"C",""))))
A4: DC 1 (Powergrow) | B4: 4 | C4: EPC | E4: 1 | F4: 3 | G4: 6 | H4: 14 | I4: =IF(I$2<$E4,"",IF(I$2<$F4,"D",IF(I$2<$G4,"C-",IF(I$2<=$H4,"C","")))) -> D | J4: =IF(J$2<$E4,"",IF(J$2<$F4,"D",IF(J$2<$G4,"C-",IF(J$2<=$H4,"C","")))) -> D | K4: =IF(K$2<$E4,"",IF(K$2<$F4,"D",IF(K$2<$G4,"C-",IF(K$2<=$H4,"C","")))) -> C- | L4: =IF(L$2<$E4,"",IF(L$2<$F4,"D",IF(L$2<$G4,"C-",IF(L$2<=$H4,"C","")))) -> C- | M4: =IF(M$2<$E4,"",IF(M$2<$F4,"D",IF(M$2<$G4,"C-",IF(M$2<=$H4,"C","")))) -> C- | N4: =IF(N$2<$E4,"",IF(N$2<$F4,"D",IF(N$2<$G4,"C-",IF(N$2<=$H4,"C","")))) -> C | O4: =IF(O$2<$E4,"",IF(O$2<$F4,"D",IF(O$2<$G4,"C-",IF(O$2<=$H4,"C","")))) -> C | P4: =IF(P$2<$E4,"",IF(P$2<$F4,"D",IF(P$2<$G4,"C-",IF(P$2<=$H4,"C","")))) -> C | ... AI4: =IF(AI$2<$E4,"",IF(AI$2<$F4,"D",IF(AI$2<$G4,"C-",IF(AI$2<=$H4,"C",""))))
A5: DC 2 (EPFlora) | B5: 4 | C5: EPC | E5: 1 | F5: 5 | G5: 10 | H5: 20 | I5: =IF(I$2<$E5,"",IF(I$2<$F5,"D",IF(I$2<$G5,"C-",IF(I$2<=$H5,"C","")))) -> D | J5: =IF(J$2<$E5,"",IF(J$2<$F5,"D",IF(J$2<$G5,"C-",IF(J$2<=$H5,"C","")))) -> D | K5: =IF(K$2<$E5,"",IF(K$2<$F5,"D",IF(K$2<$G5,"C-",IF(K$2<=$H5,"C","")))) -> D | L5: =IF(L$2<$E5,"",IF(L$2<$F5,"D",IF(L$2<$G5,"C-",IF(L$2<=$H5,"C","")))) -> D | M5: =IF(M$2<$E5,"",IF(M$2<$F5,"D",IF(M$2<$G5,"C-",IF(M$2<=$H5,"C","")))) -> C- | N5: =IF(N$2<$E5,"",IF(N$2<$F5,"D",IF(N$2<$G5,"C-",IF(N$2<=$H5,"C","")))) -> C- | O5: =IF(O$2<$E5,"",IF(O$2<$F5,"D",IF(O$2<$G5,"C-",IF(O$2<=$H5,"C","")))) -> C- | P5: =IF(P$2<$E5,"",IF(P$2<$F5,"D",IF(P$2<$G5,"C-",IF(P$2<=$H5,"C","")))) -> C- | ... AI5: =IF(AI$2<$E5,"",IF(AI$2<$F5,"D",IF(AI$2<$G5,"C-",IF(AI$2<=$H5,"C",""))))
A6: DC 3 | B6: 4 | C6: non-EPC | E6: 2 | F6: 8 | G6: 14 | H6: 25 | I6: =IF(I$2<$E6,"",IF(I$2<$F6,"D",IF(I$2<$G6,"C-",IF(I$2<=$H6,"C","")))) | J6: =IF(J$2<$E6,"",IF(J$2<$F6,"D",IF(J$2<$G6,"C-",IF(J$2<=$H6,"C","")))) -> D | K6: =IF(K$2<$E6,"",IF(K$2<$F6,"D",IF(K$2<$G6,"C-",IF(K$2<=$H6,"C","")))) -> D | L6: =IF(L$2<$E6,"",IF(L$2<$F6,"D",IF(L$2<$G6,"C-",IF(L$2<=$H6,"C","")))) -> D | M6: =IF(M$2<$E6,"",IF(M$2<$F6,"D",IF(M$2<$G6,"C-",IF(M$2<=$H6,"C","")))) -> D | N6: =IF(N$2<$E6,"",IF(N$2<$F6,"D",IF(N$2<$G6,"C-",IF(N$2<=$H6,"C","")))) -> D | O6: =IF(O$2<$E6,"",IF(O$2<$F6,"D",IF(O$2<$G6,"C-",IF(O$2<=$H6,"C","")))) -> D | P6: =IF(P$2<$E6,"",IF(P$2<$F6,"D",IF(P$2<$G6,"C-",IF(P$2<=$H6,"C","")))) -> C- | ... AI6: =IF(AI$2<$E6,"",IF(AI$2<$F6,"D",IF(AI$2<$G6,"C-",IF(AI$2<=$H6,"C",""))))
A7: DC 4 | B7: 8 | C7: EPC | E7: 6 | F7: 12 | G7: 18 | H7: 27 | I7: =IF(I$2<$E7,"",IF(I$2<$F7,"D",IF(I$2<$G7,"C-",IF(I$2<=$H7,"C","")))) | J7: =IF(J$2<$E7,"",IF(J$2<$F7,"D",IF(J$2<$G7,"C-",IF(J$2<=$H7,"C","")))) | K7: =IF(K$2<$E7,"",IF(K$2<$F7,"D",IF(K$2<$G7,"C-",IF(K$2<=$H7,"C","")))) | L7: =IF(L$2<$E7,"",IF(L$2<$F7,"D",IF(L$2<$G7,"C-",IF(L$2<=$H7,"C","")))) | M7: =IF(M$2<$E7,"",IF(M$2<$F7,"D",IF(M$2<$G7,"C-",IF(M$2<=$H7,"C","")))) | N7: =IF(N$2<$E7,"",IF(N$2<$F7,"D",IF(N$2<$G7,"C-",IF(N$2<=$H7,"C","")))) -> D | O7: =IF(O$2<$E7,"",IF(O$2<$F7,"D",IF(O$2<$G7,"C-",IF(O$2<=$H7,"C","")))) -> D | P7: =IF(P$2<$E7,"",IF(P$2<$F7,"D",IF(P$2<$G7,"C-",IF(P$2<=$H7,"C","")))) -> D | ... AI7: =IF(AI$2<$E7,"",IF(AI$2<$F7,"D",IF(AI$2<$G7,"C-",IF(AI$2<=$H7,"C","")))) -> C
A8: DC 5 | B8: 8 | C8: EPC | E8: 6 | F8: 12 | G8: 18 | H8: 27 | I8: =IF(I$2<$E8,"",IF(I$2<$F8,"D",IF(I$2<$G8,"C-",IF(I$2<=$H8,"C","")))) | J8: =IF(J$2<$E8,"",IF(J$2<$F8,"D",IF(J$2<$G8,"C-",IF(J$2<=$H8,"C","")))) | K8: =IF(K$2<$E8,"",IF(K$2<$F8,"D",IF(K$2<$G8,"C-",IF(K$2<=$H8,"C","")))) | L8: =IF(L$2<$E8,"",IF(L$2<$F8,"D",IF(L$2<$G8,"C-",IF(L$2<=$H8,"C","")))) | M8: =IF(M$2<$E8,"",IF(M$2<$F8,"D",IF(M$2<$G8,"C-",IF(M$2<=$H8,"C","")))) | N8: =IF(N$2<$E8,"",IF(N$2<$F8,"D",IF(N$2<$G8,"C-",IF(N$2<=$H8,"C","")))) -> D | O8: =IF(O$2<$E8,"",IF(O$2<$F8,"D",IF(O$2<$G8,"C-",IF(O$2<=$H8,"C","")))) -> D | P8: =IF(P$2<$E8,"",IF(P$2<$F8,"D",IF(P$2<$G8,"C-",IF(P$2<=$H8,"C","")))) -> D | ... AI8: =IF(AI$2<$E8,"",IF(AI$2<$F8,"D",IF(AI$2<$G8,"C-",IF(AI$2<=$H8,"C","")))) -> C
B9: MW Utility
A10: BESS 1 | B10: 5 | D10: DC 1 | E10: 2 | F10: 5 | G10: =E10+3 -> 5 | H10: 7 | I10: =IF(I$2<$E10,"",IF(I$2<$F10,"D",IF(I$2<$G10,"C-",IF(I$2<=$H10,"C","")))) | J10: =IF(J$2<$E10,"",IF(J$2<$F10,"D",IF(J$2<$G10,"C-",IF(J$2<=$H10,"C","")))) -> D | K10: =IF(K$2<$E10,"",IF(K$2<$F10,"D",IF(K$2<$G10,"C-",IF(K$2<=$H10,"C","")))) -> D | L10: =IF(L$2<$E10,"",IF(L$2<$F10,"D",IF(L$2<$G10,"C-",IF(L$2<=$H10,"C","")))) -> D | M10: =IF(M$2<$E10,"",IF(M$2<$F10,"D",IF(M$2<$G10,"C-",IF(M$2<=$H10,"C","")))) -> C | N10: =IF(N$2<$E10,"",IF(N$2<$F10,"D",IF(N$2<$G10,"C-",IF(N$2<=$H10,"C","")))) -> C | O10: =IF(O$2<$E10,"",IF(O$2<$F10,"D",IF(O$2<$G10,"C-",IF(O$2<=$H10,"C","")))) -> C | P10: =IF(P$2<$E10,"",IF(P$2<$F10,"D",IF(P$2<$G10,"C-",IF(P$2<=$H10,"C","")))) | ... AI10: =IF(AI$2<$E10,"",IF(AI$2<$F10,"D",IF(AI$2<$G10,"C-",IF(AI$2<=$H10,"C",""))))
A11: BESS 2 | B11: 5 | D11: DC 2 | E11: 3 | F11: =G11 -> 6 | G11: =E11+3 -> 6 | H11: 8 | I11: =IF(I$2<$E11,"",IF(I$2<$F11,"D",IF(I$2<$G11,"C-",IF(I$2<=$H11,"C","")))) | J11: =IF(J$2<$E11,"",IF(J$2<$F11,"D",IF(J$2<$G11,"C-",IF(J$2<=$H11,"C","")))) | K11: =IF(K$2<$E11,"",IF(K$2<$F11,"D",IF(K$2<$G11,"C-",IF(K$2<=$H11,"C","")))) -> D | L11: =IF(L$2<$E11,"",IF(L$2<$F11,"D",IF(L$2<$G11,"C-",IF(L$2<=$H11,"C","")))) -> D | M11: =IF(M$2<$E11,"",IF(M$2<$F11,"D",IF(M$2<$G11,"C-",IF(M$2<=$H11,"C","")))) -> D | N11: =IF(N$2<$E11,"",IF(N$2<$F11,"D",IF(N$2<$G11,"C-",IF(N$2<=$H11,"C","")))) -> C | O11: =IF(O$2<$E11,"",IF(O$2<$F11,"D",IF(O$2<$G11,"C-",IF(O$2<=$H11,"C","")))) -> C | P11: =IF(P$2<$E11,"",IF(P$2<$F11,"D",IF(P$2<$G11,"C-",IF(P$2<=$H11,"C","")))) -> C | ... AI11: =IF(AI$2<$E11,"",IF(AI$2<$F11,"D",IF(AI$2<$G11,"C-",IF(AI$2<=$H11,"C",""))))
A12: BESS 3 | B12: 5 | D12: DC 3 | E12: 5 | F12: =G12 -> 8 | G12: =E12+3 -> 8 | H12: =G12+2 -> 10 | I12: =IF(I$2<$E12,"",IF(I$2<$F12,"D",IF(I$2<$G12,"C-",IF(I$2<=$H12,"C","")))) | J12: =IF(J$2<$E12,"",IF(J$2<$F12,"D",IF(J$2<$G12,"C-",IF(J$2<=$H12,"C","")))) | K12: =IF(K$2<$E12,"",IF(K$2<$F12,"D",IF(K$2<$G12,"C-",IF(K$2<=$H12,"C","")))) | L12: =IF(L$2<$E12,"",IF(L$2<$F12,"D",IF(L$2<$G12,"C-",IF(L$2<=$H12,"C","")))) | M12: =IF(M$2<$E12,"",IF(M$2<$F12,"D",IF(M$2<$G12,"C-",IF(M$2<=$H12,"C","")))) -> D | N12: =IF(N$2<$E12,"",IF(N$2<$F12,"D",IF(N$2<$G12,"C-",IF(N$2<=$H12,"C","")))) -> D | O12: =IF(O$2<$E12,"",IF(O$2<$F12,"D",IF(O$2<$G12,"C-",IF(O$2<=$H12,"C","")))) -> D | P12: =IF(P$2<$E12,"",IF(P$2<$F12,"D",IF(P$2<$G12,"C-",IF(P$2<=$H12,"C","")))) -> C | ... AI12: =IF(AI$2<$E12,"",IF(AI$2<$F12,"D",IF(AI$2<$G12,"C-",IF(AI$2<=$H12,"C",""))))
A13: BESS 4 | B13: 10 | D13: DC 4 | E13: 6 | F13: =G13 -> 9 | G13: =E13+3 -> 9 | H13: =G13+2 -> 11 | I13: =IF(I$2<$E13,"",IF(I$2<$F13,"D",IF(I$2<$G13,"C-",IF(I$2<=$H13,"C","")))) | J13: =IF(J$2<$E13,"",IF(J$2<$F13,"D",IF(J$2<$G13,"C-",IF(J$2<=$H13,"C","")))) | K13: =IF(K$2<$E13,"",IF(K$2<$F13,"D",IF(K$2<$G13,"C-",IF(K$2<=$H13,"C","")))) | L13: =IF(L$2<$E13,"",IF(L$2<$F13,"D",IF(L$2<$G13,"C-",IF(L$2<=$H13,"C","")))) | M13: =IF(M$2<$E13,"",IF(M$2<$F13,"D",IF(M$2<$G13,"C-",IF(M$2<=$H13,"C","")))) | N13: =IF(N$2<$E13,"",IF(N$2<$F13,"D",IF(N$2<$G13,"C-",IF(N$2<=$H13,"C","")))) -> D | O13: =IF(O$2<$E13,"",IF(O$2<$F13,"D",IF(O$2<$G13,"C-",IF(O$2<=$H13,"C","")))) -> D | P13: =IF(P$2<$E13,"",IF(P$2<$F13,"D",IF(P$2<$G13,"C-",IF(P$2<=$H13,"C","")))) -> D | ... AI13: =IF(AI$2<$E13,"",IF(AI$2<$F13,"D",IF(AI$2<$G13,"C-",IF(AI$2<=$H13,"C",""))))
A14: BESS 5 | B14: 10 | D14: DC 5 | E14: 7 | F14: =G14 -> 10 | G14: =E14+3 -> 10 | H14: =G14+2 -> 12 | I14: =IF(I$2<$E14,"",IF(I$2<$F14,"D",IF(I$2<$G14,"C-",IF(I$2<=$H14,"C","")))) | J14: =IF(J$2<$E14,"",IF(J$2<$F14,"D",IF(J$2<$G14,"C-",IF(J$2<=$H14,"C","")))) | K14: =IF(K$2<$E14,"",IF(K$2<$F14,"D",IF(K$2<$G14,"C-",IF(K$2<=$H14,"C","")))) | L14: =IF(L$2<$E14,"",IF(L$2<$F14,"D",IF(L$2<$G14,"C-",IF(L$2<=$H14,"C","")))) | M14: =IF(M$2<$E14,"",IF(M$2<$F14,"D",IF(M$2<$G14,"C-",IF(M$2<=$H14,"C","")))) | N14: =IF(N$2<$E14,"",IF(N$2<$F14,"D",IF(N$2<$G14,"C-",IF(N$2<=$H14,"C","")))) | O14: =IF(O$2<$E14,"",IF(O$2<$F14,"D",IF(O$2<$G14,"C-",IF(O$2<=$H14,"C","")))) -> D | P14: =IF(P$2<$E14,"",IF(P$2<$F14,"D",IF(P$2<$G14,"C-",IF(P$2<=$H14,"C","")))) -> D | ... AI14: =IF(AI$2<$E14,"",IF(AI$2<$F14,"D",IF(AI$2<$G14,"C-",IF(AI$2<=$H14,"C",""))))
A15: BESS 6 | B15: 5 | E15: 8 | F15: =G15 -> 11 | G15: =E15+3 -> 11 | H15: =G15+2 -> 13 | I15: =IF(I$2<$E15,"",IF(I$2<$F15,"D",IF(I$2<$G15,"C-",IF(I$2<=$H15,"C","")))) | J15: =IF(J$2<$E15,"",IF(J$2<$F15,"D",IF(J$2<$G15,"C-",IF(J$2<=$H15,"C","")))) | K15: =IF(K$2<$E15,"",IF(K$2<$F15,"D",IF(K$2<$G15,"C-",IF(K$2<=$H15,"C","")))) | L15: =IF(L$2<$E15,"",IF(L$2<$F15,"D",IF(L$2<$G15,"C-",IF(L$2<=$H15,"C","")))) | M15: =IF(M$2<$E15,"",IF(M$2<$F15,"D",IF(M$2<$G15,"C-",IF(M$2<=$H15,"C","")))) | N15: =IF(N$2<$E15,"",IF(N$2<$F15,"D",IF(N$2<$G15,"C-",IF(N$2<=$H15,"C","")))) | O15: =IF(O$2<$E15,"",IF(O$2<$F15,"D",IF(O$2<$G15,"C-",IF(O$2<=$H15,"C","")))) | P15: =IF(P$2<$E15,"",IF(P$2<$F15,"D",IF(P$2<$G15,"C-",IF(P$2<=$H15,"C","")))) -> D | ... AI15: =IF(AI$2<$E15,"",IF(AI$2<$F15,"D",IF(AI$2<$G15,"C-",IF(AI$2<=$H15,"C",""))))
A16: BESS 7 | B16: 10 | E16: 9 | F16: =G16 -> 12 | G16: =E16+3 -> 12 | H16: =G16+2 -> 14 | I16: =IF(I$2<$E16,"",IF(I$2<$F16,"D",IF(I$2<$G16,"C-",IF(I$2<=$H16,"C","")))) | J16: =IF(J$2<$E16,"",IF(J$2<$F16,"D",IF(J$2<$G16,"C-",IF(J$2<=$H16,"C","")))) | K16: =IF(K$2<$E16,"",IF(K$2<$F16,"D",IF(K$2<$G16,"C-",IF(K$2<=$H16,"C","")))) | L16: =IF(L$2<$E16,"",IF(L$2<$F16,"D",IF(L$2<$G16,"C-",IF(L$2<=$H16,"C","")))) | M16: =IF(M$2<$E16,"",IF(M$2<$F16,"D",IF(M$2<$G16,"C-",IF(M$2<=$H16,"C","")))) | N16: =IF(N$2<$E16,"",IF(N$2<$F16,"D",IF(N$2<$G16,"C-",IF(N$2<=$H16,"C","")))) | O16: =IF(O$2<$E16,"",IF(O$2<$F16,"D",IF(O$2<$G16,"C-",IF(O$2<=$H16,"C","")))) | P16: =IF(P$2<$E16,"",IF(P$2<$F16,"D",IF(P$2<$G16,"C-",IF(P$2<=$H16,"C","")))) | ... AI16: =IF(AI$2<$E16,"",IF(AI$2<$F16,"D",IF(AI$2<$G16,"C-",IF(AI$2<=$H16,"C",""))))
A17: BESS 8 | B17: 10 | E17: 10 | F17: =G17 -> 13 | G17: =E17+3 -> 13 | H17: =G17+2 -> 15 | I17: =IF(I$2<$E17,"",IF(I$2<$F17,"D",IF(I$2<$G17,"C-",IF(I$2<=$H17,"C","")))) | J17: =IF(J$2<$E17,"",IF(J$2<$F17,"D",IF(J$2<$G17,"C-",IF(J$2<=$H17,"C","")))) | K17: =IF(K$2<$E17,"",IF(K$2<$F17,"D",IF(K$2<$G17,"C-",IF(K$2<=$H17,"C","")))) | L17: =IF(L$2<$E17,"",IF(L$2<$F17,"D",IF(L$2<$G17,"C-",IF(L$2<=$H17,"C","")))) | M17: =IF(M$2<$E17,"",IF(M$2<$F17,"D",IF(M$2<$G17,"C-",IF(M$2<=$H17,"C","")))) | N17: =IF(N$2<$E17,"",IF(N$2<$F17,"D",IF(N$2<$G17,"C-",IF(N$2<=$H17,"C","")))) | O17: =IF(O$2<$E17,"",IF(O$2<$F17,"D",IF(O$2<$G17,"C-",IF(O$2<=$H17,"C","")))) | P17: =IF(P$2<$E17,"",IF(P$2<$F17,"D",IF(P$2<$G17,"C-",IF(P$2<=$H17,"C","")))) | ... AI17: =IF(AI$2<$E17,"",IF(AI$2<$F17,"D",IF(AI$2<$G17,"C-",IF(AI$2<=$H17,"C",""))))
A18: BESS 9 | B18: 5 | E18: 11 | F18: =G18 -> 14 | G18: =E18+3 -> 14 | H18: =G18+2 -> 16 | I18: =IF(I$2<$E18,"",IF(I$2<$F18,"D",IF(I$2<$G18,"C-",IF(I$2<=$H18,"C","")))) | J18: =IF(J$2<$E18,"",IF(J$2<$F18,"D",IF(J$2<$G18,"C-",IF(J$2<=$H18,"C","")))) | K18: =IF(K$2<$E18,"",IF(K$2<$F18,"D",IF(K$2<$G18,"C-",IF(K$2<=$H18,"C","")))) | L18: =IF(L$2<$E18,"",IF(L$2<$F18,"D",IF(L$2<$G18,"C-",IF(L$2<=$H18,"C","")))) | M18: =IF(M$2<$E18,"",IF(M$2<$F18,"D",IF(M$2<$G18,"C-",IF(M$2<=$H18,"C","")))) | N18: =IF(N$2<$E18,"",IF(N$2<$F18,"D",IF(N$2<$G18,"C-",IF(N$2<=$H18,"C","")))) | O18: =IF(O$2<$E18,"",IF(O$2<$F18,"D",IF(O$2<$G18,"C-",IF(O$2<=$H18,"C","")))) | P18: =IF(P$2<$E18,"",IF(P$2<$F18,"D",IF(P$2<$G18,"C-",IF(P$2<=$H18,"C","")))) | ... AI18: =IF(AI$2<$E18,"",IF(AI$2<$F18,"D",IF(AI$2<$G18,"C-",IF(AI$2<=$H18,"C",""))))
A19: BESS 10 | B19: 10 | E19: 12 | F19: =G19 -> 15 | G19: =E19+3 -> 15 | H19: =G19+2 -> 17 | I19: =IF(I$2<$E19,"",IF(I$2<$F19,"D",IF(I$2<$G19,"C-",IF(I$2<=$H19,"C","")))) | J19: =IF(J$2<$E19,"",IF(J$2<$F19,"D",IF(J$2<$G19,"C-",IF(J$2<=$H19,"C","")))) | K19: =IF(K$2<$E19,"",IF(K$2<$F19,"D",IF(K$2<$G19,"C-",IF(K$2<=$H19,"C","")))) | L19: =IF(L$2<$E19,"",IF(L$2<$F19,"D",IF(L$2<$G19,"C-",IF(L$2<=$H19,"C","")))) | M19: =IF(M$2<$E19,"",IF(M$2<$F19,"D",IF(M$2<$G19,"C-",IF(M$2<=$H19,"C","")))) | N19: =IF(N$2<$E19,"",IF(N$2<$F19,"D",IF(N$2<$G19,"C-",IF(N$2<=$H19,"C","")))) | O19: =IF(O$2<$E19,"",IF(O$2<$F19,"D",IF(O$2<$G19,"C-",IF(O$2<=$H19,"C","")))) | P19: =IF(P$2<$E19,"",IF(P$2<$F19,"D",IF(P$2<$G19,"C-",IF(P$2<=$H19,"C","")))) | ... AI19: =IF(AI$2<$E19,"",IF(AI$2<$F19,"D",IF(AI$2<$G19,"C-",IF(AI$2<=$H19,"C",""))))
A21: CAPEX | B21: MW | C21: Max (M€/MW) | E21: Sum | F21: (M€/MW)
A22: DC 1 | B22: 4 | C22: 10 | E22: =SUM(I22:AI22) -> 30.500317 | F22: =E22/B22 -> 7.6250791 | K22: ='Sample DEC'!J58 -> 15.250158 | N22: ='Sample DEC'!M58 -> 12.650127 | S22: ='Sample DEC'!R58 -> 2.6000317 | U22: ='Sample DEC'!T58 -> 0 | V22: ='Sample DEC'!U58 -> 0 | AF22: ='Sample DEC'!V58 -> 0 | AG22: ='Sample DEC'!W58 -> 0 | AH22: ='Sample DEC'!X58 -> 0 | AI22: ='Sample DEC'!Y58 -> 0
A23: DC 2 | B23: 4 | C23: 9 | E23: =SUM(I23:AI23) -> 30.500317 | F23: =E23/B23 -> 7.6250791 | M23: =K22 -> 15.250158 | R23: =N22 -> 12.650127 | Y23: =S22 -> 2.6000317
A24: DC 3 | B24: 4 | C24: 9 | E24: =SUM(I24:AI24) -> 30.500317 | F24: =E24/B24 -> 7.6250791 | P24: =K22 -> 15.250158 | V24: =N22 -> 12.650127 | AD24: =S22 -> 2.6000317
A25: DC 4 | B25: 8 | C25: 9 | E25: =SUM(I25:AI25) -> 61.000633 | F25: =E25/B25 -> 7.6250791 | T25: =P24*2 -> 30.500317 | Z25: =N22*2 -> 25.300253 | AF25: =$S$22*2 -> 5.2000633
A26: DC 5 | B26: 8 | C26: 9 | E26: =SUM(I26:AI26) -> 61.000633 | F26: =E26/B26 -> 7.6250791 | T26: =T25 -> 30.500317 | Z26: =N22*2 -> 25.300253 | AF26: =$S$22*2 -> 5.2000633
A28: BESS 1 | B28: 5 | C28: 0.2 | E28: =SUM(I28:AI28) -> 2.511552 | F28: =E28/B28 -> 0.5023104 | J28: ='Sample BESS'!K21 -> 2.2723968 | O28: ='Sample BESS'!P21 -> 0.2391552
A29: BESS 2 | B29: 5 | C29: 0.2 | E29: =SUM(I29:AI29) -> 2.511552 | F29: =E29/B29 -> 0.5023104 | K29: =J28 -> 2.2723968 | P29: =O28 -> 0.2391552
A30: BESS 3 | B30: 5 | C30: 0.2 | E30: =SUM(I30:AI30) -> 2.511552 | F30: =E30/B30 -> 0.5023104 | M30: =$J$28 -> 2.2723968 | R30: =$O$28 -> 0.2391552
A31: BESS 4 | B31: 10 | C31: 0.2 | E31: =SUM(I31:AI31) -> 5.023104 | F31: =E31/B31 -> 0.5023104 | N31: =$J$28*2 -> 4.5447936 | S31: =$O$28*2 -> 0.4783104
A32: BESS 5 | B32: 10 | C32: 0.2 | E32: =SUM(I32:AI32) -> 5.023104 | F32: =E32/B32 -> 0.5023104 | O32: =$J$28*2 -> 4.5447936 | T32: =$O$28*2 -> 0.4783104
A33: BESS 6 | B33: 5 | C33: 0.2 | E33: =SUM(I33:AI33) -> 2.511552 | F33: =E33/B33 -> 0.5023104 | P33: =$J$28 -> 2.2723968 | U33: =$O$28 -> 0.2391552
A34: BESS 7 | B34: 10 | C34: 0.2 | E34: =SUM(I34:AI34) -> 5.023104 | F34: =E34/B34 -> 0.5023104 | Q34: =$J$28*2 -> 4.5447936 | V34: =$O$28*2 -> 0.4783104
A35: BESS 8 | B35: 10 | C35: 0.2 | E35: =SUM(I35:AI35) -> 5.023104 | F35: =E35/B35 -> 0.5023104 | R35: =$J$28*2 -> 4.5447936 | W35: =$O$28*2 -> 0.4783104
A36: BESS 9 | B36: 5 | C36: 0.2 | E36: =SUM(I36:AI36) -> 2.511552 | F36: =E36/B36 -> 0.5023104 | S36: =$J$28 -> 2.2723968 | X36: =$O$28 -> 0.2391552
A37: BESS 10 | B37: 10 | C37: 0.2 | E37: =SUM(I37:AI37) -> 5.023104 | F37: =E37/B37 -> 0.5023104 | T37: =$J$28*2 -> 4.5447936 | Y37: =$O$28*2 -> 0.4783104
A40: Total DC | I40: =SUM(I22:I26) -> 0 | J40: =SUM(J22:J26) -> 0 | K40: =SUM(K22:K26) -> 15.250158 | L40: =SUM(L22:L26) -> 0 | M40: =SUM(M22:M26) -> 15.250158 | N40: =SUM(N22:N26) -> 12.650127 | O40: =SUM(O22:O26) -> 0 | P40: =SUM(P22:P26) -> 15.250158 | ... AI40: =SUM(AI22:AI26) -> 0
A41: Total BESS | I41: =SUM(I28:I37) -> 0 | J41: =SUM(J28:J37) -> 2.2723968 | K41: =SUM(K28:K37) -> 2.2723968 | L41: =SUM(L28:L37) -> 0 | M41: =SUM(M28:M37) -> 2.2723968 | N41: =SUM(N28:N37) -> 4.5447936 | O41: =SUM(O28:O37) -> 4.7839488 | P41: =SUM(P28:P37) -> 2.511552 | ... AI41: =SUM(AI28:AI37) -> 0
A43: Grand total | F43: M€ | I43: =SUM(I40:I42) -> 0 | J43: =SUM(J40:J42) -> 2.2723968 | K43: =SUM(K40:K42) -> 17.522555 | L43: =SUM(L40:L42) -> 0 | M43: =SUM(M40:M42) -> 17.522555 | N43: =SUM(N40:N42) -> 17.19492 | O43: =SUM(O40:O42) -> 4.7839488 | P43: =SUM(P40:P42) -> 17.76171 | ... AI43: =SUM(AI40:AI42) -> 0
A45: FTE
A46: FTE EPC
A47: Active projects | I47: =IF(I4<>"",1,0)+IF(I5<>"",1,0)+IF(I7<>"",1,0)+IF(I8<>"",1,0) -> 2 | J47: =IF(J4<>"",1,0)+IF(J5<>"",1,0)+IF(J7<>"",1,0)+IF(J8<>"",1,0) -> 2 | K47: =IF(K4<>"",1,0)+IF(K5<>"",1,0)+IF(K7<>"",1,0)+IF(K8<>"",1,0) -> 2 | L47: =IF(L4<>"",1,0)+IF(L5<>"",1,0)+IF(L7<>"",1,0)+IF(L8<>"",1,0) -> 2 | M47: =IF(M4<>"",1,0)+IF(M5<>"",1,0)+IF(M7<>"",1,0)+IF(M8<>"",1,0) -> 2 | N47: =IF(N4<>"",1,0)+IF(N5<>"",1,0)+IF(N7<>"",1,0)+IF(N8<>"",1,0) -> 4 | O47: =IF(O4<>"",1,0)+IF(O5<>"",1,0)+IF(O7<>"",1,0)+IF(O8<>"",1,0) -> 4 | P47: =IF(P4<>"",1,0)+IF(P5<>"",1,0)+IF(P7<>"",1,0)+IF(P8<>"",1,0) -> 4 | ... AI47: =IF(AI4<>"",1,0)+IF(AI5<>"",1,0)+IF(AI7<>"",1,0)+IF(AI8<>"",1,0) -> 2
A48: Legal | B48: 0.2 | I48: =I$47*$B48 -> 0.4 | J48: =J$47*$B48 -> 0.4 | K48: =K$47*$B48 -> 0.4 | L48: =L$47*$B48 -> 0.4 | M48: =M$47*$B48 -> 0.4 | N48: =N$47*$B48 -> 0.8 | O48: =O$47*$B48 -> 0.8 | P48: =P$47*$B48 -> 0.8 | ... AI48: =AI$47*$B48 -> 0.4
A49: PM/Construction Manager | B49: 1 | I49: =I$47*$B49 -> 2 | J49: =J$47*$B49 -> 2 | K49: =K$47*$B49 -> 2 | L49: =L$47*$B49 -> 2 | M49: =M$47*$B49 -> 2 | N49: =N$47*$B49 -> 4 | O49: =O$47*$B49 -> 4 | P49: =P$47*$B49 -> 4 | ... AI49: =AI$47*$B49 -> 2
A50: PM | B50: 1 | I50: =I$47*$B50 -> 2 | J50: =J$47*$B50 -> 2 | K50: =K$47*$B50 -> 2 | L50: =L$47*$B50 -> 2 | M50: =M$47*$B50 -> 2 | N50: =N$47*$B50 -> 4 | O50: =O$47*$B50 -> 4 | P50: =P$47*$B50 -> 4 | ... AI50: =AI$47*$B50 -> 2
A51: Quality Control | B51: 1 | I51: =I$47*$B51 -> 2 | J51: =J$47*$B51 -> 2 | K51: =K$47*$B51 -> 2 | L51: =L$47*$B51 -> 2 | M51: =M$47*$B51 -> 2 | N51: =N$47*$B51 -> 4 | O51: =O$47*$B51 -> 4 | P51: =P$47*$B51 -> 4 | ... AI51: =AI$47*$B51 -> 2
A52: Procurement | B52: 0.5 | I52: =I$47*$B52 -> 1 | J52: =J$47*$B52 -> 1 | K52: =K$47*$B52 -> 1 | L52: =L$47*$B52 -> 1 | M52: =M$47*$B52 -> 1 | N52: =N$47*$B52 -> 2 | O52: =O$47*$B52 -> 2 | P52: =P$47*$B52 -> 2 | ... AI52: =AI$47*$B52 -> 1
A54: FTE Non-EPC
A55: Active projects | I55: =IF(I6<>"",1,0) -> 0 | J55: =IF(J6<>"",1,0) -> 1 | K55: =IF(K6<>"",1,0) -> 1 | L55: =IF(L6<>"",1,0) -> 1 | M55: =IF(M6<>"",1,0) -> 1 | N55: =IF(N6<>"",1,0) -> 1 | O55: =IF(O6<>"",1,0) -> 1 | P55: =IF(P6<>"",1,0) -> 1 | ... AI55: =IF(AI6<>"",1,0) -> 0
A56: Legal | B56: 0.5 | I56: =I$55*$B56 -> 0 | J56: =J$55*$B56 -> 0.5 | K56: =K$55*$B56 -> 0.5 | L56: =L$55*$B56 -> 0.5 | M56: =M$55*$B56 -> 0.5 | N56: =N$55*$B56 -> 0.5 | O56: =O$55*$B56 -> 0.5 | P56: =P$55*$B56 -> 0.5 | ... AI56: =AI$55*$B56 -> 0
A57: Electrical Engineering | B57: 1.5 | I57: =I$55*$B57 -> 0 | J57: =J$55*$B57 -> 1.5 | K57: =K$55*$B57 -> 1.5 | L57: =L$55*$B57 -> 1.5 | M57: =M$55*$B57 -> 1.5 | N57: =N$55*$B57 -> 1.5 | O57: =O$55*$B57 -> 1.5 | P57: =P$55*$B57 -> 1.5 | ... AI57: =AI$55*$B57 -> 0
A58: Construction Management | B58: 1 | I58: =I$55*$B58 -> 0 | J58: =J$55*$B58 -> 1 | K58: =K$55*$B58 -> 1 | L58: =L$55*$B58 -> 1 | M58: =M$55*$B58 -> 1 | N58: =N$55*$B58 -> 1 | O58: =O$55*$B58 -> 1 | P58: =P$55*$B58 -> 1 | ... AI58: =AI$55*$B58 -> 0
A59: Water/MEP Systems | B59: 1 | I59: =I$55*$B59 -> 0 | J59: =J$55*$B59 -> 1 | K59: =K$55*$B59 -> 1 | L59: =L$55*$B59 -> 1 | M59: =M$55*$B59 -> 1 | N59: =N$55*$B59 -> 1 | O59: =O$55*$B59 -> 1 | P59: =P$55*$B59 -> 1 | ... AI59: =AI$55*$B59 -> 0
A60: Project Management | B60: 1 | I60: =I$55*$B60 -> 0 | J60: =J$55*$B60 -> 1 | K60: =K$55*$B60 -> 1 | L60: =L$55*$B60 -> 1 | M60: =M$55*$B60 -> 1 | N60: =N$55*$B60 -> 1 | O60: =O$55*$B60 -> 1 | P60: =P$55*$B60 -> 1 | ... AI60: =AI$55*$B60 -> 0
A61: Quality Control | B61: 1 | I61: =I$55*$B61 -> 0 | J61: =J$55*$B61 -> 1 | K61: =K$55*$B61 -> 1 | L61: =L$55*$B61 -> 1 | M61: =M$55*$B61 -> 1 | N61: =N$55*$B61 -> 1 | O61: =O$55*$B61 -> 1 | P61: =P$55*$B61 -> 1 | ... AI61: =AI$55*$B61 -> 0
A62: Procurement | B62: 1.2 | I62: =I$55*$B62 -> 0 | J62: =J$55*$B62 -> 1.2 | K62: =K$55*$B62 -> 1.2 | L62: =L$55*$B62 -> 1.2 | M62: =M$55*$B62 -> 1.2 | N62: =N$55*$B62 -> 1.2 | O62: =O$55*$B62 -> 1.2 | P62: =P$55*$B62 -> 1.2 | ... AI62: =AI$55*$B62 -> 0
A63: HSE | B63: 1 | I63: =I$55*$B63 -> 0 | J63: =J$55*$B63 -> 1 | K63: =K$55*$B63 -> 1 | L63: =L$55*$B63 -> 1 | M63: =M$55*$B63 -> 1 | N63: =N$55*$B63 -> 1 | O63: =O$55*$B63 -> 1 | P63: =P$55*$B63 -> 1 | ... AI63: =AI$55*$B63 -> 0
A64: Security | B64: 7 | I64: =I$55*$B64 -> 0 | J64: =J$55*$B64 -> 7 | K64: =K$55*$B64 -> 7 | L64: =L$55*$B64 -> 7 | M64: =M$55*$B64 -> 7 | N64: =N$55*$B64 -> 7 | O64: =O$55*$B64 -> 7 | P64: =P$55*$B64 -> 7 | ... AI64: =AI$55*$B64 -> 0
A65: Cost Control | B65: 1 | I65: =I$55*$B65 -> 0 | J65: =J$55*$B65 -> 1 | K65: =K$55*$B65 -> 1 | L65: =L$55*$B65 -> 1 | M65: =M$55*$B65 -> 1 | N65: =N$55*$B65 -> 1 | O65: =O$55*$B65 -> 1 | P65: =P$55*$B65 -> 1 | ... AI65: =AI$55*$B65 -> 0
A67: Total FTE | C67: FTE Cost/M [k€]
A68: Legal | C68: 21 | I68: =I55+I48 -> 0.4 | J68: =J55+J48 -> 1.4 | K68: =K55+K48 -> 1.4 | L68: =L55+L48 -> 1.4 | M68: =M55+M48 -> 1.4 | N68: =N55+N48 -> 1.8 | O68: =O55+O48 -> 1.8 | P68: =P55+P48 -> 1.8 | ... AI68: =AI55+AI48 -> 0.4
A69: Electrical Engineering | C69: 23.1 | I69: =I57 -> 0 | J69: =J57 -> 1.5 | K69: =K57 -> 1.5 | L69: =L57 -> 1.5 | M69: =M57 -> 1.5 | N69: =N57 -> 1.5 | O69: =O57 -> 1.5 | P69: =P57 -> 1.5 | ... AI69: =AI57 -> 0
A70: Construction Management | C70: 25.2 | I70: =I58+I49 -> 2 | J70: =J58+J49 -> 3 | K70: =K58+K49 -> 3 | L70: =L58+L49 -> 3 | M70: =M58+M49 -> 3 | N70: =N58+N49 -> 5 | O70: =O58+O49 -> 5 | P70: =P58+P49 -> 5 | ... AI70: =AI58+AI49 -> 2
A71: Water/MEP Systems | C71: 23.1 | I71: =I59 -> 0 | J71: =J59 -> 1 | K71: =K59 -> 1 | L71: =L59 -> 1 | M71: =M59 -> 1 | N71: =N59 -> 1 | O71: =O59 -> 1 | P71: =P59 -> 1 | ... AI71: =AI59 -> 0
A72: Project Management | C72: 31.5 | I72: =I50+I60 -> 2 | J72: =J50+J60 -> 3 | K72: =K50+K60 -> 3 | L72: =L50+L60 -> 3 | M72: =M50+M60 -> 3 | N72: =N50+N60 -> 5 | O72: =O50+O60 -> 5 | P72: =P50+P60 -> 5 | ... AI72: =AI50+AI60 -> 2
A73: Quality Control | C73: 21 | I73: =I51+I61 -> 2 | J73: =J51+J61 -> 3 | K73: =K51+K61 -> 3 | L73: =L51+L61 -> 3 | M73: =M51+M61 -> 3 | N73: =N51+N61 -> 5 | O73: =O51+O61 -> 5 | P73: =P51+P61 -> 5 | ... AI73: =AI51+AI61 -> 2
A74: Procurement | C74: 18.9 | I74: =I52+I62 -> 1 | J74: =J52+J62 -> 2.2 | K74: =K52+K62 -> 2.2 | L74: =L52+L62 -> 2.2 | M74: =M52+M62 -> 2.2 | N74: =N52+N62 -> 3.2 | O74: =O52+O62 -> 3.2 | P74: =P52+P62 -> 3.2 | ... AI74: =AI52+AI62 -> 1
A75: HSE | C75: 16.8 | I75: =I63 -> 0 | J75: =J63 -> 1 | K75: =K63 -> 1 | L75: =L63 -> 1 | M75: =M63 -> 1 | N75: =N63 -> 1 | O75: =O63 -> 1 | P75: =P63 -> 1 | ... AI75: =AI63 -> 0
A76: Security | C76: 8.4 | I76: =I64 -> 0 | J76: =J64 -> 7 | K76: =K64 -> 7 | L76: =L64 -> 7 | M76: =M64 -> 7 | N76: =N64 -> 7 | O76: =O64 -> 7 | P76: =P64 -> 7 | ... AI76: =AI64 -> 0
A77: Cost Control | C77: 10.5 | I77: =I65 -> 0 | J77: =J65 -> 1 | K77: =K65 -> 1 | L77: =L65 -> 1 | M77: =M65 -> 1 | N77: =N65 -> 1 | O77: =O65 -> 1 | P77: =P65 -> 1 | ... AI77: =AI65 -> 0
A79: Total Cost FTE | C79: FTE Cost/M [k€]
A80: Legal | C80: 21 | I80: =I$68*$C80 -> 8.4 | J80: =J$68*$C80 -> 29.4 | K80: =K$68*$C80 -> 29.4 | L80: =L$68*$C80 -> 29.4 | M80: =M$68*$C80 -> 29.4 | N80: =N$68*$C80 -> 37.8 | O80: =O$68*$C80 -> 37.8 | P80: =P$68*$C80 -> 37.8 | ... AI80: =AI$68*$C80 -> 8.4
A81: Electrical Engineering | C81: 23.1 | I81: =I$68*$C81 -> 9.24 | J81: =J$68*$C81 -> 32.34 | K81: =K$68*$C81 -> 32.34 | L81: =L$68*$C81 -> 32.34 | M81: =M$68*$C81 -> 32.34 | N81: =N$68*$C81 -> 41.58 | O81: =O$68*$C81 -> 41.58 | P81: =P$68*$C81 -> 41.58 | ... AI81: =AI$68*$C81 -> 9.24
A82: Construction Management | C82: 25.2 | I82: =I$68*$C82 -> 10.08 | J82: =J$68*$C82 -> 35.28 | K82: =K$68*$C82 -> 35.28 | L82: =L$68*$C82 -> 35.28 | M82: =M$68*$C82 -> 35.28 | N82: =N$68*$C82 -> 45.36 | O82: =O$68*$C82 -> 45.36 | P82: =P$68*$C82 -> 45.36 | ... AI82: =AI$68*$C82 -> 10.08
A83: Water/MEP Systems | C83: 23.1 | I83: =I$68*$C83 -> 9.24 | J83: =J$68*$C83 -> 32.34 | K83: =K$68*$C83 -> 32.34 | L83: =L$68*$C83 -> 32.34 | M83: =M$68*$C83 -> 32.34 | N83: =N$68*$C83 -> 41.58 | O83: =O$68*$C83 -> 41.58 | P83: =P$68*$C83 -> 41.58 | ... AI83: =AI$68*$C83 -> 9.24
A84: Project Management | C84: 31.5 | I84: =I$68*$C84 -> 12.6 | J84: =J$68*$C84 -> 44.1 | K84: =K$68*$C84 -> 44.1 | L84: =L$68*$C84 -> 44.1 | M84: =M$68*$C84 -> 44.1 | N84: =N$68*$C84 -> 56.7 | O84: =O$68*$C84 -> 56.7 | P84: =P$68*$C84 -> 56.7 | ... AI84: =AI$68*$C84 -> 12.6
A85: Quality Control | C85: 21 | I85: =I$68*$C85 -> 8.4 | J85: =J$68*$C85 -> 29.4 | K85: =K$68*$C85 -> 29.4 | L85: =L$68*$C85 -> 29.4 | M85: =M$68*$C85 -> 29.4 | N85: =N$68*$C85 -> 37.8 | O85: =O$68*$C85 -> 37.8 | P85: =P$68*$C85 -> 37.8 | ... AI85: =AI$68*$C85 -> 8.4
A86: Procurement | C86: 18.9 | I86: =I$68*$C86 -> 7.56 | J86: =J$68*$C86 -> 26.46 | K86: =K$68*$C86 -> 26.46 | L86: =L$68*$C86 -> 26.46 | M86: =M$68*$C86 -> 26.46 | N86: =N$68*$C86 -> 34.02 | O86: =O$68*$C86 -> 34.02 | P86: =P$68*$C86 -> 34.02 | ... AI86: =AI$68*$C86 -> 7.56
A87: HSE | C87: 16.8 | I87: =I$68*$C87 -> 6.72 | J87: =J$68*$C87 -> 23.52 | K87: =K$68*$C87 -> 23.52 | L87: =L$68*$C87 -> 23.52 | M87: =M$68*$C87 -> 23.52 | N87: =N$68*$C87 -> 30.24 | O87: =O$68*$C87 -> 30.24 | P87: =P$68*$C87 -> 30.24 | ... AI87: =AI$68*$C87 -> 6.72
A88: Security | C88: 8.4 | I88: =I$68*$C88 -> 3.36 | J88: =J$68*$C88 -> 11.76 | K88: =K$68*$C88 -> 11.76 | L88: =L$68*$C88 -> 11.76 | M88: =M$68*$C88 -> 11.76 | N88: =N$68*$C88 -> 15.12 | O88: =O$68*$C88 -> 15.12 | P88: =P$68*$C88 -> 15.12 | ... AI88: =AI$68*$C88 -> 3.36
A89: Cost Control | C89: 10.5 | I89: =I$68*$C89 -> 4.2 | J89: =J$68*$C89 -> 14.7 | K89: =K$68*$C89 -> 14.7 | L89: =L$68*$C89 -> 14.7 | M89: =M$68*$C89 -> 14.7 | N89: =N$68*$C89 -> 18.9 | O89: =O$68*$C89 -> 18.9 | P89: =P$68*$C89 -> 18.9 | ... AI89: =AI$68*$C89 -> 4.2
H90: Proje
A91: Total FTE Cost | C91: [M€] | E91: =SUM(I91:AI91) -> 7.9002 | F91: =E91/28 -> 0.28215 | I91: =SUM(I80:I89)/1000 -> 0.0798 | J91: =SUM(J80:J89)/1000 -> 0.2793 | K91: =SUM(K80:K89)/1000 -> 0.2793 | L91: =SUM(L80:L89)/1000 -> 0.2793 | M91: =SUM(M80:M89)/1000 -> 0.2793 | N91: =SUM(N80:N89)/1000 -> 0.3591 | O91: =SUM(O80:O89)/1000 -> 0.3591 | P91: =SUM(P80:P89)/1000 -> 0.3591 | ... AI91: =SUM(AI80:AI89)/1000 -> 0.0798
E92: TOTAL FTE | F92: Per MW
A93: Capital Requirements | E93: =SUM(I93:AI93) -> 259.0757 | F93: =E93/28 -> 9.2527034 | I93: =I91+I43 -> 0.0798 | J93: =J91+J43 -> 2.5516968 | K93: =K91+K43 -> 17.801855 | L93: =L91+L43 -> 0.2793 | M93: =M91+M43 -> 17.801855 | N93: =N91+N43 -> 17.55402 | O93: =O91+O43 -> 5.1430488 | P93: =P91+P43 -> 18.12081 | ... AI93: =AI91+AI43 -> 0.0798
E94: TOTAL CAPEX | F94: IT + BESS

Sheet Sample EPC Resources
A1: EPC Project Staffing Requirements
A3: With EPC contractor handling main execution, your team provides oversight and coordination
A5: Role | B5: FTE Required | C5: Responsibilities
A6: Legal | B6: 0.2 | C6: Contract review, compliance oversight, permit coordination
A7: Electrical Engineering | B7: 0.3 | C7: Design review, EPC coordination, testing oversight
A8: Construction Management | B8: 0.3 | C8: Site visits, progress monitoring, EPC liaison
A9: Water/MEP Systems | B9: 0.2 | C9: Cooling system review, water management oversight
A10: Planning & Coordination | B10: 0.4 | C10: Schedule tracking, milestone monitoring, stakeholder updates
A11: Quality Control | B11: 0.3 | C11: Inspection oversight, quality standards verification
A12: Procurement | B12: 0.2 | C12: Long-lead item tracking, vendor coordination
A14: Total | B14: =SUM(B6:B13) -> 1.9
A23: Role | B23: FTE Required | C23: Responsibilities | D23: NOTE
A24: Legal | B24: 0.2 | C24: Contract review, compliance oversight, permit coordination
A25: PM/Construction Manager | B25: 1 | C25: Site visits, progress monitoring, EPC liaison
A26: PM | B26: 1 | C26: Schedule tracking, milestone monitoring, stakeholder updates
A27: Quality Control | B27: 1 | C27: Inspection oversight, quality standards verification
A28: Procurement | B28: 0.5 | C28: Long-lead item tracking, vendor coordination
A30: Total | B30: =SUM(B24:B29) -> 3.7
D32: ONE TIME
D33: COORDINATION = PM, TEST = QC, Design = PROGRAM MANAGER
D34: PM / CONSTRUCTION MANAGER

Sheet Sample Non EPC Resources
A1: Self-Managed Project Staffing Requirements
A3: Full internal execution requiring comprehensive team across all disciplines
A5: Role | B5: FTE Required | C5: Responsibilities
A6: Legal | B6: 0.5 | C6: Contract negotiation, permitting, regulatory compliance, vendor agreements
A7: Electrical Engineering | B7: 1.5 | C7: Full design, power distribution, backup systems, testing & commissioning
A8: Construction Management | B8: 2 | C8: On-site supervision, contractor management, safety, schedule execution
A9: Water/MEP Systems | B9: 1 | C9: Cooling design, water treatment, HVAC systems, mechanical coordination
A10: Planning & Coordination | B10: 1 | C10: Master scheduling, resource allocation, critical path management
A11: Quality Control | B11: 1 | C11: Full inspection program, testing, documentation, standards enforcement
A12: Procurement | B12: 1.2 | C12: Vendor selection, negotiation, logistics, material tracking, cost control
A17: Total | B17: =SUM(B6:B16) -> 8.2
E23: Daily rate (external hire) per person | F23: Cost/day
A24: Role | B24: FTE Required | C24: Responsibilities
A25: Legal | B25: 0.5 | C25: Contract negotiation, permitting, regulatory compliance, vendor agreements | E25: 1000 | F25: =B25*E25 -> 500 | G25: =F25*21 -> 10500 | I25: =E25*21 -> 21000
A26: Electrical Engineering | B26: 1.5 | C26: Full design, power distribution, backup systems, testing & commissioning | E26: 1100 | F26: =B26*E26 -> 1650 | G26: =F26*21 -> 34650 | I26: =E26*21 -> 23100
A27: Construction Management | B27: 1 | C27: On-site supervision, contractor management, safety, schedule execution | E27: 1200 | F27: =B27*E27 -> 1200 | G27: =F27*21 -> 25200 | I27: =E27*21 -> 25200
A28: Water/MEP Systems | B28: 1 | C28: Cooling design, water treatment, HVAC systems, mechanical coordination | E28: 1100 | F28: =B28*E28 -> 1100 | G28: =F28*21 -> 23100 | I28: =E28*21 -> 23100
A29: Project Management | B29: 1 | C29: Master scheduling, resource allocation, critical path management | E29: 1500 | F29: =B29*E29 -> 1500 | G29: =F29*21 -> 31500 | I29: =E29*21 -> 31500
A30: Quality Control | B30: 1 | C30: Full inspection program, testing, documentation, standards enforcement | E30: 1000 | F30: =B30*E30 -> 1000 | G30: =F30*21 -> 21000 | I30: =E30*21 -> 21000
A31: Procurement | B31: 1.2 | C31: Vendor selection, negotiation, logistics, material tracking, cost control | E31: 900 | F31: =B31*E31 -> 1080 | G31: =F31*21 -> 22680 | I31: =E31*21 -> 18900
A32: HSE | B32: 1 | C32: Health and Safety Manager | E32: 800 | F32: =B32*E32 -> 800 | G32: =F32*21 -> 16800 | I32: =E32*21 -> 16800
A33: Security | B33: 7 | C33: During construction | E33: 400 | F33: =B33*E33 -> 2800 | G33: =F33*21 -> 58800 | I33: =E33*21 -> 8400
A34: Cost Control | B34: 1 | C34: Cost Control / adminstrative tasks | E34: 500 | F34: =B34*E34 -> 500 | G34: =F34*21 -> 10500 | I34: =E34*21 -> 10500
G35: =SUM(G25:G34) -> 254730
A36: Total | B36: =SUM(B25:B35) -> 16.2 | G36: =G35*12 -> 3056760
